Nome,Codigo
ARQUITET E DESENHO DE SOFTWARE,203882
CÁLCULO 1,113034
CÁLCULO 2,113042
COMPILADORES 1,101095
DES IND ASSISTIDO COMPUTADOR,199176
ENG DE PRODUTO DE SOFTWARE,203874
ENGENHARIA E AMBIENTE,198005
ENGENHARIA ECONÔMICA,193321
ESTÁGIO SUPERVISIONADO,102512
ESTRUT DE DADOS 1,193704
ESTRUTURAS DE DADOS 2,103209
FISICA 1,118001
FISICA 1 EXPERIMENTAL,118010
FUND ARQ DE COMPUTADORES,193674
FUNDAMENT DE SISTEM EMBARCADOS,127701
FUNDAMENTOS REDES COMPUTADORES,203912
FUNDAMENTOS SIST OPERACIONAIS,201286
GERÊN CONFIG EVOL SOFTWARE,206598
GESTÃO DA PROD E QUALIDADE,201626
HUMANIDADES E CIDADANIA,199133
INTERAÇÃO HUMANO COMPUTADOR,201316
INTRODUCAO A ALGEBRA LINEAR,113093
INTRODUÇÃO À ENGENHARIA,198013
MATEMÁTICA DISCRETA 2,127698
MEDIÇÃO E ANÁLISE,203891
MET DE DESENV DE SOFTWARE,193640
MÉTODOS NUMÉR P/ ENGENHARIA,195413
ORIENTAÇÃO A OBJETOS,195341
PARADIGMAS DE PROGRAMAÇÃO,203904
PROBABIL EST APL ENGENHARIA,195332
PROGRAM P/ SIST PARAL E DISTR,206610
PROJ INTEGRADOR ENGENHARIA 1,193861
PROJ INTEGRADOR ENGENHARIA 2,208175
QUALIDADE DE SOFTWARE 1,208698
REQUISITOS DE SOFTWARE,201308
SISTEMAS DE BANCO DE DADOS 1,193631
SISTEMAS DE BANCO DE DADOS 2,115576
TCC 1,101141
TCC 2,102415
TESTES DE SOFTWARE,206580
SISTEMAS DIGITAIS 1,167983
PRÁTICA D ELETRÔNICA DIGITAL 1,119466
TEORIA DE ELETRÔNICA DIGITAL 1,119482
MATEMÁTICA DISCRETA 1,120669
ESTRUTURAS MAT P/ COMPUTAÇÃO,195405
COMPUTACAO BASICA,116301
ALGORITMOS PROGR COMPUTADORES,113476
TÉCNICAS DE PROGRAMAÇÃO,201294
TÉC DE PROG EM PLAT EMERG,206601
PROJETO ANÁLISE DE ALGORITMOS,117536
PROJETO DE ALGORITMOS,130508
APRENDIZADO DE MÁQUINA,120642
CÁLCULO 3,113051
CÁLCULO PARA ENGENHARIA 1,129763
CÁLCULO PARA ENGENHARIA 2,130729
CÁLCULO PARA ENGENHARIA 3,130745
CIÊNCIAS AEROESPACIAIS,208213
CIRCUITOS ELETRÔNICOS 1,203785
COMBUSTÍVEIS E BIOCOMBUSTÍVEIS,195324
COMPILADORES 2,127710
COMPUTAÇÃO EM NUVEM,208680
CONFIABILIDADE DE COM SISTEMAS,101125
CONTRATAÇÃO S DE T INFORMAÇÃO,101087
CRIPTOGRAFIA E SEG DE REDES,115568
DESENVOLVIMENTO DE SOFTWARE,120651
DESENVOLVIMENTO SUSTENTÁVEL,201324
DESIGN DE VEÍCULOS,195316
DIN GASES SIST AEROESPACIAIS,107425
ELEMENTOS E MÉT EM ELETRÔNICA,199150
ELETRICIDADE APLICADA,201634
ELETRÔNICA VEICULAR,206237
ENG DE SEGURANÇA DO TRABALHO,193712
ENG SOFTWARE EXPERIMENTAL,208671
EQUAÇÕES DIFERENCI ORDINÁRIAS,130737
EQUACOES DIFERENCIAIS 1,113301
ERGONOMIA DO PRODUTO,193879
FENOMENOS DE TRANSPORTE,168203
FÍSICA MODERNA,193691
FÍSICA P/ JOGOS ELETRÔNICOS 1,127744
FÍSICA P/ JOGOS ELETRÔNICOS 1,115584
FÍSICA P/ JOGOS ELETRÔNICOS 2,127752
FONTES ENERG E TECN CONVERSÃO,199184
FUND DA TEORIA ELETROMAGNÉTICA,193682
FUND EQUAÇÕES DIFER ENGENHARIA,101117
FUND VAR COMPL P/ ENGENHARIA,118869
FUNDAMENTOS DE ARQ DE SOFTWARE,103179
GERÊNCIA DE CONFIG DE SOFTWARE,206628
GESTÃO AMBIENTAL NO SETOR ENER,193666
GESTÃO DA PRODUÇÃO AUTOMOTIVA,203777
INF COMUN E A SOC DO CONHEC,127761
INOVAÇÃO,201375
INSTRUMENTAÇÃO SIST CONTROLE,208205
INTELIGÊNCIA ARTFICIAL,206199
INTR A ATIVIDADE EMPRESARIAL,170054
INTRO A COMPUTAÇÃO GRÁFICA,208507
INTRO AOS JOGOS ELETRÔNICOS,208493
INTROD AO DESENV DE JOGOS,117552
INTRODUÇÃO À WEB SEMÂNTICA,127728
INTRODUÇÃO GEOMETRIA ANALÍTICA,130702
LABORATÓRIO DE MAT CONSTRUÇÃO,119792
LÍNGUA SINAIS BRAS - BÁSICO,150649
MAT DE CONSTR DE ENGENHARIA,193658
MECÂNICA DO VÔO,107441
MECANICA SÓLID 1 P/ ENGENHARIA,195308
MELHORIA DE PROC DE SOFTWARE,208655
MÉT EXPERIMEN P/ ENGENHARIA,203734
MET TEC DA ESCRITA CIENTÍFICA,107450
MÉTODOS FORMAIS,206636
MÉTODOS MATEMÁTICOS ENGENHARIA,201642
MICROPROCESSADORES E MICROCONT,201383
MODELAGEM DE PROCESSOS,203921
ONDUL FÍS TÉRM P/ ENGENHARIA,120731
PLAN E GESTÃO DE ENERGIA,203858
PRÁTICA D ELETRÔNICA DIGITAL 2,119474
PRÁTICA DESPORTIVA,175013
PRÉ-CÁLCULO PARA ENGENHARIA,104248
PRINCÍP ROBÓTICA EDUCACIONAL,103187
PRINCIPIOS COMPUTACAO GRAFICA,116483
PROCESSO DE DESENV DE SOFTWARE,199141
PROCESSOS PETROQUÍMICOS,107468
PROD PROFIS ENG SOFTWARE,208663
PROGRAMAÇÃO PARA COMPETIÇÕES,103195
PROGRAMAÇÃO WEB,208701
PROJETO CIRC INTEGR DIGITAIS,203831
PROJETO DE VEÍCULOS,208639
PROJETO SISTEMAS DE CONTROLE,107433
QUALIDADE DE SOFTWARE 2,127736
SEMINÁRIOS EM ENG DE SOFTWARE,103217
SIST CRIT TOLERÂNCIA A FALHAS,203939
SISTEMAS AEROESPACIAIS,101133
SISTEMAS AUTOMOTIVOS,199168
SISTEMAS DE PROPULSÃO HÍBRIDOS,207063
SISTEMAS DIGITAIS 2,167991
SISTEMAS EMBARCADOS,206181
TÉCNICAS DE M F E E SOFTWARE,101109
TEORIA DE ELETRÔNICA DIGITAL 2,119491
TEORIA DE MATERIAIS CONSTRUÇÃO,119865
TEORIA DOS NÚMEROS 1,113115
TOP ESP DE ENG DE SOFTWARE,193623
TOP ESP EM FIS APLICADA,103527
TÓP ESP EM GOVERN DE TI,110159
TOP ESP EM JOGOS DIGITAIS,107409
TOP ESP EM MATEMÁTICA APLICADA,103535
TOP ESP EM SISTEMAS CRÍTICOS,107417
TÓP ESPECIAIS EM PROGRAMAÇÃO,110141
